[
    {
      "id": 1,
      "priority": 1,
      "action": {
        "type": "block"
      },
      "condition": {
        "regexFilter": ".*",
        "resourceTypes": [
          "main_frame",
          "sub_frame",
          "stylesheet",
          "script",
          "image",
          "font",
          "object",
          "xmlhttprequest",
          "ping",
          "csp_report",
          "media",
          "websocket",
          "webtransport",
          "webbundle",
          "other"
        ]
      }
    }
  ]
  