{
  "name": "엔트리-Intydse tyd",
  "version": "3.0",
  "description": "엔트리 이야기를 실시간으로 업데이트해 줍니다.",
  "manifest_version": 3,
  "permissions": [
    "activeTab",
    "scripting",
    "storage",
    "offscreen"
  ],
  "host_permissions": [
    "https://playentry.org/*"
  ],
  "content_scripts": [
    {
      "matches": [
        "https://playentry.org/community/entrystory/*"
      ],
      "js": [
        "contentScript.js"
      ],
      "css": [
        "style.css"
      ]
    }
  ],
  "web_accessible_resources": [
    {
      "resources": ["offscreen.html", "offscreen.js"],
      "matches": ["https://playentry.org/*"]
    }
  ],
  "icons": {
    "16": "icon16.png",
    "48": "icon48.png",
    "128": "icon128.png"
  },
  "action": {
    "default_popup": "popup.html"
  }
}
